"Type","Sex","First Name","Last Name","Email","Initials","Mobile Phone","Callsign","Skills","Organisation","Office Phone","Address"," Home Postcode"," Home Country"," Home L1"," Home L2"," Home L3"," Home L4"," Home Lat"," Home Lon","Teams","Job Title"
"volunteer","male","Christopher","Heineman","user33@culvercitycert.com","CM","(310)555-2377","KX-TEST1","Ham Radio Operator","Culver City CERT",,"8965 Carson St. ","90230","United States","California","Los Angeles","Culver City"," Rancho Higuera",,,"Team1","Trainee"
"volunteer","male","Andy","Sakai","user8@culvercitycert.com","AJ","(310)555-2352","KX-TEST2","Ham Radio Operator","Culver City CERT",,"4228 Lafayette Pl. ","90230","United States","California","Los Angeles","Culver City"," Downtown",,,"Team2","Trainee"
"staff","female","Christine","Rathan","user35@culvercitycert.com","CR","(310)555-2379","KX-TEST3","Ham Radio Operator","Culver City Fire Dept",,"3040 Delaware  ","90230","United States","California","Los Angeles","Santa Monica"," Downtown",,,"Team1,Team2","Trainee"
"volunteer",,"Ai","Grimes","user21@culvercitycert.com","AM","(310)555-2365","KX-TEST4","Ham Radio Operator","Culver City CERT",,"3833 Perham Dr. ","90230","United States","California","Los Angeles","Culver City"," Blair Hills",,,,"Trainee"
"volunteer","male","Carl","Cardenas","user31@culvercitycert.com","CF","(310)555-2375","KX-TEST5","Ham Radio Operator","Culver City CERT",,"4328 Le Bourget Ave.","90230","United States","California","Los Angeles","Culver City"," Carlson Park",,,,"Trainee"
"volunteer","male","Jim","Paul","user53@culvercitycert.com","JP","(310)555-2397","KX-TEST6","Ham Radio Operator","Culver City CERT",,"4233 Lafayette Pl. ","90230","United States","California","Los Angeles","Culver City"," Downtown",,,,"Trainee"
"volunteer","female","Caroline","O_Neal","user29@culvercitycert.com","CB","(310)555-2373","KX-TEST7","Ham Radio Operator","Culver City CERT",,"4032 Madison Ave. #106","90230","United States","California","Los Angeles","Culver City"," East Carlson",,,,"Trainee"
"volunteer",,"Pam","Baxendale","user30@culvercitycert.com","PT","(310)555-2374","KX-TEST8","Ham Radio Operator","Culver City CERT",,"4142 Motor Ave. ","90230","United States","California","Los Angeles","Culver City"," Carlson Park",,,,"Trainee"
"volunteer","male","Dick","Dailey","user16@culvercitycert.com","DJ","(310)555-2360","KX-TEST9","Ham Radio Operator","Culver City CERT",,"4279 Jasmine Ave. ","90230","United States","California","Los Angeles","Culver City"," Carlson Park",,,,"Trainee"
"volunteer","male","Randy","Li","user1@culvercitycert.com","RE","(310)555-2345",,,"Culver City CERT",,"4142 Motor Ave. ","90230","United States","California","Los Angeles","Culver City"," Carlson Park",,,,"Trainee"
"volunteer","male","Adrian","Lundquist","user2@culvercitycert.com","AP","(310)555-2346",,,"Culver City CERT",,"4163 Keystone Ave. ","90230","United States","California","Los Angeles","Culver City"," Carlson Park",,,,"Team Leader"
"volunteer","female","Ada","Finn","user3@culvercitycert.com","AF","(310)555-2347",,,"Culver City CERT",,"8222 Raintree Cir. ","90230","United States","California","Los Angeles","Culver City"," RainTree",,,,"Team Leader"
"volunteer","male","Adam","Reichel","user4@culvercitycert.com","AG","(310)555-2348",,,"Culver City CERT",,"9116 39448 Cattaraugus Ave.","90230","United States","California","Los Angeles","Culver City"," Eastside",,,,"Team Leader"
"volunteer","male","Charles","Robinson","user5@culvercitycert.com","CB","(310)555-2349",,,"Culver City CERT",,"10513 Venice Blvd. ","90230","United States","California","Los Angeles","Culver City"," North of Sony",,,,"Team Leader"
"volunteer","male","Adrian","Johnson","user6@culvercitycert.com","AJ","(310)555-2350",,,"Culver City CERT",,"3335 Caroline Ave. ","90230","United States","California","Los Angeles","Culver City"," Eastside",,,,"Team Leader"
"volunteer","male","Alex","Sabihon","user7@culvercitycert.com","AH","(310)555-2351",,,"Culver City CERT",,"4187 Vinton Ave. ","90230","United States","California","Los Angeles","Culver City"," Carlson Park",,,,"Team Leader"
"volunteer","male","Anupam","Sakai","user9@culvercitycert.com","AS","(310)555-2353",,,"Culver City CERT",,"3521 Keystone Ave. #4","90230","United States","California","Los Angeles","Culver City"," North of Sony",,,,"Team Leader"
"volunteer","female","Vanessa","Mazariegos","user10@culvercitycert.com","VS","(310)555-2354",,,"Culver City CERT",,"3822 Main St. #1","90230","United States","California","Los Angeles","Culver City"," Downtown",,,,"Team Leader"
"volunteer","female","Vitalicia","Jose Galvez","user11@culvercitycert.com","VB","(310)555-2355",,,"Culver City CERT",,"10314 Summertime Ln. ","90230","United States","California","Los Angeles","Culver City"," Lakeside",,,,"Team Leader"
"volunteer","female","Azalia","Rene Galvez","user12@culvercitycert.com","AL","(310)555-2356",,,"Culver City CERT",,"16151 Denley S ","90230","United States","California","Los Angeles","Hacienda Heights"," Sony Studios",,,,"Team Member"
"volunteer","female","Susannah","Michela","user13@culvercitycert.com","SB","(310)555-2357",,,"Culver City CERT",,"4397 Keystone Ave. ","90230","United States","California","Los Angeles","Culver City"," Carlson Park",,,,"Team Member"
"volunteer","male","Benjamin","Friese","user14@culvercitycert.com","BK","(310)555-2358",,,"Culver City CERT",,"3544 Helms Ave. ","90230","United States","California","Los Angeles","Culver City"," Rancho Higuera",,,,"Team Member"
"volunteer",,"Hans","Yanda","user15@culvercitycert.com","HB","(310)555-2359",,,"Culver City CERT",,"4370 Jasmine Ave. ","90230","United States","California","Los Angeles","Culver City"," Carlson Park",,,,"Team Member"
"volunteer",,"Billie","Behnke","user17@culvercitycert.com","BB","(310)555-2361",,,"Culver City CERT",,"3346 Caroline Ave. ","90230","United States","California","Los Angeles","Culver City"," Eastside",,,,"Team Member"
"volunteer","male","Gerald","Turner","user18@culvercitycert.com","GC","(310)555-2362",,,"Culver City CERT",,"4147 Jasmine Ave. ","90230","United States","California","Los Angeles","Culver City"," Carlson Park",,,,"Team Member"
"volunteer","female","Jane","Judge","user19@culvercitycert.com","JP","(310)555-2363",,,"Culver City CERT",,"4174 Madison Ave. ","90230","United States","California","Los Angeles","Culver City"," East Carlson",,,,"Team Member"
"volunteer","male","Marlene","Enzen","user20@culvercitycert.com","MA","(310)555-2364",,,"Culver City CERT",,"10318 Summertime Ln. ","90230","United States","California","Los Angeles","Culver City"," Lakeside",,,,"Team Member"
"volunteer","female","Michelle","Paul","user22@culvercitycert.com","MR","(310)555-2366",,,"Culver City CERT",,"3745 Mentone Ave. #9","90230","United States","California","Los Angeles","Culver City"," North of Sony",,,,"Team Member"
"volunteer","female","Marie","Funnell","user23@culvercitycert.com","MS","(310)555-2367",,,"Culver City CERT",,"5691 W. 63rd St.","90230","United States","California","Los Angeles","Culver City"," North of Sony",,,,"Team Member"
"volunteer","female","Catherine","Giza","user24@culvercitycert.com","CE","(310)555-2368",,,"Culver City CERT",,"4142 Jasmine Ave. ","90230","United States","California","Los Angeles","Culver City"," Carlson Park",,,,"Team Member"
"volunteer","female","Christy","Biglin","user25@culvercitycert.com","CT","(310)555-2369",,,"Culver City CERT",,"9114 Summertime Ln. ","90230","United States","California","Los Angeles","Culver City"," Lakeside",,,,"Team Member"
"volunteer","female","Christina","Jain","user26@culvercitycert.com","CL","(310)555-2370",,,"Culver City CERT",,"4117 Duquesne Ave. ","90230","United States","California","Los Angeles","Culver City"," Downtown",,,,"Team Member"
"volunteer","female","Carol","Harvey","user27@culvercitycert.com","CN","(310)555-2371",,,"Culver City CERT",,"9438 Rhea Ave. ","90230","United States","California","Los Angeles","Northridge"," Sony Studios",,,,"Team Member"
"volunteer","female","Carol","Sandoval","user28@culvercitycert.com","CF","(310)555-2372",,,"Culver City CERT",,"19947 E. Lorencita Dr.","90230","United States","California","Los Angeles","Covina"," Sony Studios",,,,"Team Member"
"volunteer","male","Christopher","Spielmann","user32@culvercitycert.com","CM","(310)555-2376",,,"Culver City CERT",,"1129 Raintree Cir. ","90230","United States","California","Los Angeles","Culver City"," RainTree",,,,"Team Member"
"volunteer","female","Christina","Buchanan","user34@culvercitycert.com","CP","(310)555-2378",,,"Culver City CERT",,"5963 W. Jefferson #1","90230","United States","California","Los Angeles","Culver City"," Blair Hills",,,,"Team Member"
"volunteer","female","Claudia","Leonard","user36@culvercitycert.com","C","(310)555-2380",,,"Culver City CERT",,"5824 Bowcroft St. ","90230","United States","California","Los Angeles","Culver City"," Blair Hills",,,,"Team Member"
"volunteer","female","Christine","Barkley","user37@culvercitycert.com","CS","(310)555-2381",,,"Culver City CERT",,"5291 39448 Village Green","90230","United States","California","Los Angeles","Culver City"," Blair Hills",,,,"Team Member"
"volunteer","female","Cindy","Keow Wong","user38@culvercitycert.com","CR","(310)555-2382",,,"Culver City CERT",,"4328 Le Bourget Ave.","90230","United States","California","Los Angeles","Culver City"," Carlson Park",,,,"Team Member"
"volunteer",,"Connor","Bozek","user39@culvercitycert.com","CG","(310)555-2383",,,"Culver City CERT",,"7124 Raintree Cir. ","90230","United States","California","Los Angeles","Culver City"," RainTree",,,,"Team Member"
"volunteer","female","Jody","Brown","user40@culvercitycert.com","JC","(310)555-2384",,,"Culver City CERT",,"4250 Mentone Ave. ","90230","United States","California","Los Angeles","Culver City"," Carlson Park",,,,"Team Member"
"volunteer",,"Chris","Cropley","user41@culvercitycert.com","CP","(310)555-2385",,,"Culver City CERT",,"1116 Raintree Cir. ","90230","United States","California","Los Angeles","Culver City"," RainTree",,,,"Team Member"
"staff","male","Craig","Packard","user42@culvercitycert.com","CO","(310)555-2386",,,"Culver City Fire Dept",,"9783 Culver Blvd. ","90230","United States","California","Los Angeles","Culver City"," Downtown",,,,"Instructor"
"volunteer","female","Christine","Aranzazu","user43@culvercitycert.com","CB","(310)555-2387",,,"Culver City CERT",,"8793 National Blvd. ","90230","United States","California","Los Angeles","Culver City"," Rancho Higuera",,,,"Instructor"
"volunteer","female","Cheri","Reynolds","user44@culvercitycert.com","CD","(310)555-2388",,,"Culver City CERT",,"5915 Blairstone Dr. ","90230","United States","California","Los Angeles","Culver City"," Blair Hills",,,,"Instructor"
"volunteer","male","Richard","Sakala-Lindsay","user45@culvercitycert.com","RL",,,,"Culver City CERT",,"5915 Blairstone Dr. ","90230","United States","California","Los Angeles","Culver City"," Blair Hills",,,,"Instructor"
"volunteer","female","Liseth","Eadens","user46@culvercitycert.com","LL",,,,"Culver City CERT","(323) 497-5186","4468 Jasmine Ave. ","90230","United States","California","Los Angeles","Culver City"," Carlson Park",,,,"Instructor"
"volunteer","female","Maria","Turner","user47@culvercitycert.com","MF",,,,"Culver City CERT","(323) 497-5186","4382 Keystone Ave. ","90230","United States","California","Los Angeles","Culver City"," Carlson Park",,,,"Instructor"
"volunteer","female","Maria","Lundquist","user48@culvercitycert.com","MR","(310)555-2392",,,"Culver City CERT","(323) 497-5186","4382 Keystone Ave. ","90230","United States","California","Los Angeles","Culver City"," Carlson Park",,,,"Instructor"
"volunteer","male","George (Chi)","Nucho","user49@culvercitycert.com","GR","(310)555-2393",,,"Culver City CERT",,"4843 Hollow Corner #286","90230","United States","California","Los Angeles","Culver City"," Tara",,,,"Instructor"
"volunteer","female","Denise","Forthmann","user50@culvercitycert.com","DJ","(310)555-2394",,,"Culver City CERT",,"3827 Lenawee Ave. ","90230","United States","California","Los Angeles","Culver City"," Blair Hills",,,,"Instructor"
"volunteer","female","Catherine","Martinez","user51@culvercitycert.com","CS","(310)555-2395",,,"Culver City CERT",,"4042 Duquesne Ave. ","90230","United States","California","Los Angeles","Culver City"," Downtown",,,,"Instructor"
"volunteer","male","Charles","Parra","user52@culvercitycert.com","CS","(310)555-2396",,,"Culver City CERT",,"4517 Jasmine Ave. ","90230","United States","California","Los Angeles","Culver City"," Carlson Park",,,,"Instructor"

